,Date,Adj Close,diff1,diff1lag1,diff1lag2,diff1lag3,diff1lag4
0,2009-12-28,11.53,,,,,
1,2010-01-04,13.15,1.62,,,,
2,2010-01-11,13.29,0.14,1.62,,,
3,2010-01-18,11.72,-1.57,0.14,1.62,,
4,2010-01-25,11.07,-0.65,-1.57,0.14,1.62,
5,2010-02-01,11.34,0.27,-0.65,-1.57,0.14,1.62
6,2010-02-08,11.24,-0.1,0.27,-0.65,-1.57,0.14
7,2010-02-15,11.7,0.46,-0.1,0.27,-0.65,-1.57
8,2010-02-22,11.63,-0.07,0.46,-0.1,0.27,-0.65
9,2010-03-01,12.9,1.27,-0.07,0.46,-0.1,0.27
10,2010-03-08,13.29,0.39,1.27,-0.07,0.46,-0.1
11,2010-03-15,14.04,0.75,0.39,1.27,-0.07,0.46
12,2010-03-22,13.96,-0.08,0.75,0.39,1.27,-0.07
13,2010-03-29,13.61,-0.35,-0.08,0.75,0.39,1.27
14,2010-04-05,13.59,-0.02,-0.35,-0.08,0.75,0.39
15,2010-04-12,13.86,0.27,-0.02,-0.35,-0.08,0.75
16,2010-04-19,15.04,1.18,0.27,-0.02,-0.35,-0.08
17,2010-04-26,15.55,0.51,1.18,0.27,-0.02,-0.35
18,2010-05-03,13.31,-2.24,0.51,1.18,0.27,-0.02
19,2010-05-10,14.11,0.8,-2.24,0.51,1.18,0.27
20,2010-05-17,12.46,-1.65,0.8,-2.24,0.51,1.18
21,2010-05-24,13.22,0.76,-1.65,0.8,-2.24,0.51
22,2010-05-31,12.59,-0.63,0.76,-1.65,0.8,-2.24
23,2010-06-07,12.75,0.16,-0.63,0.76,-1.65,0.8
24,2010-06-14,12.24,-0.51,0.16,-0.63,0.76,-1.65
25,2010-06-21,11.37,-0.87,-0.51,0.16,-0.63,0.76
26,2010-06-28,10.34,-1.03,-0.87,-0.51,0.16,-0.63
27,2010-07-05,10.29,-0.05,-1.03,-0.87,-0.51,0.16
28,2010-07-12,10.41,0.12,-0.05,-1.03,-0.87,-0.51
29,2010-07-19,12.32,1.91,0.12,-0.05,-1.03,-0.87
30,2010-07-26,13.46,1.14,1.91,0.12,-0.05,-1.03
31,2010-08-02,13.91,0.45,1.14,1.91,0.12,-0.05
32,2010-08-09,12.88,-1.03,0.45,1.14,1.91,0.12
33,2010-08-16,12.76,-0.12,-1.03,0.45,1.14,1.91
34,2010-08-23,12.49,-0.27,-0.12,-1.03,0.45,1.14
35,2010-08-30,13.6,1.11,-0.27,-0.12,-1.03,0.45
36,2010-09-06,12.77,-0.83,1.11,-0.27,-0.12,-1.03
37,2010-09-13,12.24,-0.53,-0.83,1.11,-0.27,-0.12
38,2010-09-20,13.41,1.17,-0.53,-0.83,1.11,-0.27
39,2010-09-27,14.41,1.0,1.17,-0.53,-0.83,1.11
40,2010-10-04,14.45,0.04,1.0,1.17,-0.53,-0.83
41,2010-10-11,14.58,0.13,0.04,1.0,1.17,-0.53
42,2010-10-18,14.78,0.2,0.13,0.04,1.0,1.17
43,2010-10-25,14.42,-0.36,0.2,0.13,0.04,1.0
44,2010-11-01,15.81,1.39,-0.36,0.2,0.13,0.04
45,2010-11-08,15.62,-0.19,1.39,-0.36,0.2,0.13
46,2010-11-15,15.65,0.03,-0.19,1.39,-0.36,0.2
47,2010-11-22,16.1,0.45,0.03,-0.19,1.39,-0.36
48,2010-11-29,17.129999,1.029999,0.45,0.03,-0.19,1.39
49,2010-12-06,17.540001,0.410002,1.029999,0.45,0.03,-0.19
50,2010-12-13,16.870001,-0.67,0.410002,1.029999,0.45,0.03
51,2010-12-20,18.059999,1.189998,-0.67,0.410002,1.029999,0.45
52,2010-12-27,18.48,0.420001,1.189998,-0.67,0.410002,1.029999
53,2011-01-03,18.719999,0.239999,0.420001,1.189998,-0.67,0.410002
54,2011-01-10,18.559999,-0.16,0.239999,0.420001,1.189998,-0.67
55,2011-01-17,18.110001,-0.449998,-0.16,0.239999,0.420001,1.189998
56,2011-01-24,18.42,0.309999,-0.449998,-0.16,0.239999,0.420001
57,2011-01-31,18.780001,0.360001,0.309999,-0.449998,-0.16,0.239999
58,2011-02-07,19.98,1.199999,0.360001,0.309999,-0.449998,-0.16
59,2011-02-14,18.299999,-1.680001,1.199999,0.360001,0.309999,-0.449998
60,2011-02-21,18.559999,0.26,-1.680001,1.199999,0.360001,0.309999
61,2011-02-28,19.110001,0.550002,0.26,-1.680001,1.199999,0.360001
62,2011-03-07,19.16,0.049999,0.550002,0.26,-1.680001,1.199999
63,2011-03-14,17.040001,-2.119999,0.049999,0.550002,0.26,-1.680001
64,2011-03-21,18.82,1.779999,-2.119999,0.049999,0.550002,0.26
65,2011-03-28,18.66,-0.16,1.779999,-2.119999,0.049999,0.550002
66,2011-04-04,18.25,-0.41,-0.16,1.779999,-2.119999,0.049999
67,2011-04-11,16.969999,-1.280001,-0.41,-0.16,1.779999,-2.119999
68,2011-04-18,17.6,0.630001,-1.280001,-0.41,-0.16,1.779999
69,2011-04-25,17.299999,-0.300001,0.630001,-1.280001,-0.41,-0.16
70,2011-05-02,16.59,-0.709999,-0.300001,0.630001,-1.280001,-0.41
71,2011-05-09,16.860001,0.270001,-0.709999,-0.300001,0.630001,-1.280001
72,2011-05-16,15.9,-0.960001,0.270001,-0.709999,-0.300001,0.630001
73,2011-05-23,16.440001,0.540001,-0.960001,0.270001,-0.709999,-0.300001
74,2011-05-30,15.67,-0.770001,0.540001,-0.960001,0.270001,-0.709999
75,2011-06-06,15.45,-0.22,-0.770001,0.540001,-0.960001,0.270001
76,2011-06-13,16.25,0.8,-0.22,-0.770001,0.540001,-0.960001
77,2011-06-20,17.309999,1.059999,0.8,-0.22,-0.770001,0.540001
78,2011-06-27,18.719999,1.41,1.059999,0.8,-0.22,-0.770001
79,2011-07-04,19.639999,0.92,1.41,1.059999,0.8,-0.22
80,2011-07-11,19.52,-0.119999,0.92,1.41,1.059999,0.8
81,2011-07-18,20.370001,0.850001,-0.119999,0.92,1.41,1.059999
82,2011-07-25,21.530001,1.16,0.850001,-0.119999,0.92,1.41
83,2011-08-01,19.68,-1.850001,1.16,0.850001,-0.119999,0.92
84,2011-08-08,17.9,-1.78,-1.850001,1.16,0.850001,-0.119999
85,2011-08-15,16.389999,-1.510001,-1.78,-1.850001,1.16,0.850001
86,2011-08-22,17.59,1.200001,-1.510001,-1.78,-1.850001,1.16
87,2011-08-29,16.84,-0.75,1.200001,-1.510001,-1.78,-1.850001
88,2011-09-05,18.02,1.18,-0.75,1.200001,-1.510001,-1.78
89,2011-09-12,18.98,0.96,1.18,-0.75,1.200001,-1.510001
90,2011-09-19,16.42,-2.56,0.96,1.18,-0.75,1.200001
91,2011-09-26,16.49,0.07,-2.56,0.96,1.18,-0.75
92,2011-10-03,17.860001,1.370001,0.07,-2.56,0.96,1.18
93,2011-10-10,19.299999,1.439998,1.370001,0.07,-2.56,0.96
94,2011-10-17,19.65,0.350001,1.439998,1.370001,0.07,-2.56
95,2011-10-24,19.32,-0.33,0.350001,1.439998,1.370001,0.07
96,2011-10-31,18.52,-0.8,-0.33,0.350001,1.439998,1.370001
97,2011-11-07,18.940001,0.420001,-0.8,-0.33,0.350001,1.439998
98,2011-11-14,19.049999,0.109998,0.420001,-0.8,-0.33,0.350001
99,2011-11-21,18.219999,-0.83,0.109998,0.420001,-0.8,-0.33
100,2011-11-28,20.24,2.020001,-0.83,0.109998,0.420001,-0.8
101,2011-12-05,20.99,0.75,2.020001,-0.83,0.109998,0.420001
102,2011-12-12,19.959999,-1.030001,0.75,2.020001,-0.83,0.109998
103,2011-12-19,20.879999,0.92,-1.030001,0.75,2.020001,-0.83
104,2011-12-26,21.559999,0.68,0.92,-1.030001,0.75,2.020001
105,2012-01-02,21.57,0.010001,0.68,0.92,-1.030001,0.75
106,2012-01-09,22.84,1.27,0.010001,0.68,0.92,-1.030001
107,2012-01-16,23.389999,0.549999,1.27,0.010001,0.68,0.92
108,2012-01-23,23.4,0.010001,0.549999,1.27,0.010001,0.68
109,2012-01-30,24.469999,1.069999,0.010001,0.549999,1.27,0.010001
110,2012-02-06,24.68,0.210001,1.069999,0.010001,0.549999,1.27
111,2012-02-13,25.92,1.24,0.210001,1.069999,0.010001,0.549999
112,2012-02-20,25.540001,-0.379999,1.24,0.210001,1.069999,0.010001
113,2012-02-27,26.48,0.939999,-0.379999,1.24,0.210001,1.069999
114,2012-03-05,27.200001,0.720001,0.939999,-0.379999,1.24,0.210001
115,2012-03-12,26.629999,-0.570002,0.720001,0.939999,-0.379999,1.24
116,2012-03-19,26.639999,0.01,-0.570002,0.720001,0.939999,-0.379999
117,2012-03-26,27.0,0.360001,0.01,-0.570002,0.720001,0.939999
118,2012-04-02,27.799999,0.799999,0.360001,0.01,-0.570002,0.720001
119,2012-04-09,27.389999,-0.41,0.799999,0.360001,0.01,-0.570002
120,2012-04-16,26.43,-0.959999,-0.41,0.799999,0.360001,0.01
121,2012-04-23,28.68,2.25,-0.959999,-0.41,0.799999,0.360001
122,2012-04-30,26.83,-1.85,2.25,-0.959999,-0.41,0.799999
123,2012-05-07,26.07,-0.76,-1.85,2.25,-0.959999,-0.41
124,2012-05-14,25.540001,-0.529999,-0.76,-1.85,2.25,-0.959999
125,2012-05-21,26.549999,1.009998,-0.529999,-0.76,-1.85,2.25
126,2012-05-28,24.790001,-1.759998,1.009998,-0.529999,-0.76,-1.85
127,2012-06-04,25.43,0.639999,-1.759998,1.009998,-0.529999,-0.76
128,2012-06-11,24.5,-0.93,0.639999,-1.759998,1.009998,-0.529999
129,2012-06-18,23.860001,-0.639999,-0.93,0.639999,-1.759998,1.009998
130,2012-06-25,23.690001,-0.17,-0.639999,-0.93,0.639999,-1.759998
131,2012-07-02,25.790001,2.1,-0.17,-0.639999,-0.93,0.639999
132,2012-07-09,26.440001,0.65,2.1,-0.17,-0.639999,-0.93
133,2012-07-16,27.15,0.709999,0.65,2.1,-0.17,-0.639999
134,2012-07-23,26.42,-0.73,0.709999,0.65,2.1,-0.17
135,2012-07-30,26.860001,0.440001,-0.73,0.709999,0.65,2.1
136,2012-08-06,26.530001,-0.33,0.440001,-0.73,0.709999,0.65
137,2012-08-13,27.08,0.549999,-0.33,0.440001,-0.73,0.709999
138,2012-08-20,26.389999,-0.690001,0.549999,-0.33,0.440001,-0.73
139,2012-08-27,27.690001,1.300002,-0.690001,0.549999,-0.33,0.440001
140,2012-09-03,29.870001,2.18,1.300002,-0.690001,0.549999,-0.33
141,2012-09-10,29.93,0.059999,2.18,1.300002,-0.690001,0.549999
142,2012-09-17,28.24,-1.69,0.059999,2.18,1.300002,-0.690001
143,2012-09-24,27.950001,-0.289999,-1.69,0.059999,2.18,1.300002
144,2012-10-01,29.77,1.819999,-0.289999,-1.69,0.059999,2.18
145,2012-10-08,29.610001,-0.159999,1.819999,-0.289999,-1.69,0.059999
146,2012-10-15,30.34,0.729999,-0.159999,1.819999,-0.289999,-1.69
147,2012-10-22,30.549999,0.209999,0.729999,-0.159999,1.819999,-0.289999
148,2012-10-29,31.0,0.450001,0.209999,0.729999,-0.159999,1.819999
149,2012-11-05,29.309999,-1.690001,0.450001,0.209999,0.729999,-0.159999
150,2012-11-12,28.48,-0.829999,-1.690001,0.450001,0.209999,0.729999
151,2012-11-19,30.76,2.28,-0.829999,-1.690001,0.450001,0.209999
152,2012-11-26,30.190001,-0.569999,2.28,-0.829999,-1.690001,0.450001
153,2012-12-03,30.67,0.479999,-0.569999,2.28,-0.829999,-1.690001
154,2012-12-10,29.209999,-1.460001,0.479999,-0.569999,2.28,-0.829999
155,2012-12-17,31.110001,1.900002,-1.460001,0.479999,-0.569999,2.28
156,2012-12-24,30.610001,-0.5,1.900002,-1.460001,0.479999,-0.569999
157,2012-12-31,34.41,3.799999,-0.5,1.900002,-1.460001,0.479999
158,2013-01-07,33.029999,-1.380001,3.799999,-0.5,1.900002,-1.460001
159,2013-01-14,33.939999,0.91,-1.380001,3.799999,-0.5,1.900002
160,2013-01-21,34.41,0.470001,0.91,-1.380001,3.799999,-0.5
161,2013-01-28,35.91,1.5,0.470001,0.91,-1.380001,3.799999
162,2013-02-04,36.360001,0.450001,1.5,0.470001,0.91,-1.380001
163,2013-02-11,36.080002,-0.279999,0.450001,1.5,0.470001,0.91
164,2013-02-18,33.75,-2.330002,-0.279999,0.450001,1.5,0.470001
165,2013-02-25,33.68,-0.07,-2.330002,-0.279999,0.450001,1.5
166,2013-03-04,36.130001,2.450001,-0.07,-2.330002,-0.279999,0.450001
167,2013-03-11,38.040001,1.91,2.450001,-0.07,-2.330002,-0.279999
168,2013-03-18,36.990002,-1.049999,1.91,2.450001,-0.07,-2.330002
169,2013-03-25,36.689999,-0.300003,-1.049999,1.91,2.450001,-0.07
170,2013-04-01,34.84,-1.849999,-0.300003,-1.049999,1.91,2.450001
171,2013-04-08,36.91,2.07,-1.849999,-0.300003,-1.049999,1.91
172,2013-04-15,34.18,-2.73,2.07,-1.849999,-0.300003,-1.049999
173,2013-04-22,39.509998,5.329998,-2.73,2.07,-1.849999,-0.300003
174,2013-04-29,40.779999,1.270001,5.329998,-2.73,2.07,-1.849999
175,2013-05-06,42.009998,1.229999,1.270001,5.329998,-2.73,2.07
176,2013-05-13,41.709999,-0.299999,1.229999,1.270001,5.329998,-2.73
177,2013-05-20,41.110001,-0.599998,-0.299999,1.229999,1.270001,5.329998
178,2013-05-27,41.200001,0.09,-0.599998,-0.299999,1.229999,1.270001
179,2013-06-03,41.529999,0.329998,0.09,-0.599998,-0.299999,1.229999
180,2013-06-10,40.18,-1.349999,0.329998,0.09,-0.599998,-0.299999
181,2013-06-17,38.259998,-1.920002,-1.349999,0.329998,0.09,-0.599998
182,2013-06-24,40.099998,1.84,-1.920002,-1.349999,0.329998,0.09
183,2013-07-01,41.939999,1.840001,1.84,-1.920002,-1.349999,0.329998
184,2013-07-08,43.709999,1.77,1.840001,1.84,-1.920002,-1.349999
185,2013-07-15,44.639999,0.93,1.77,1.840001,1.84,-1.920002
186,2013-07-22,47.759998,3.119999,0.93,1.77,1.840001,1.84
187,2013-07-29,50.91,3.150002,3.119999,0.93,1.77,1.840001
188,2013-08-05,51.43,0.52,3.150002,3.119999,0.93,1.77
189,2013-08-12,49.369999,-2.060001,0.52,3.150002,3.119999,0.93
190,2013-08-19,50.02,0.650001,-2.060001,0.52,3.150002,3.119999
191,2013-08-26,49.130001,-0.889999,0.650001,-2.060001,0.52,3.150002
192,2013-09-02,51.889999,2.759998,-0.889999,0.650001,-2.060001,0.52
193,2013-09-09,52.630001,0.740002,2.759998,-0.889999,0.650001,-2.060001
194,2013-09-16,52.939999,0.309998,0.740002,2.759998,-0.889999,0.650001
195,2013-09-23,53.799999,0.86,0.309998,0.740002,2.759998,-0.889999
196,2013-09-30,55.07,1.270001,0.86,0.309998,0.740002,2.759998
197,2013-10-07,52.810001,-2.259999,1.270001,0.86,0.309998,0.740002
198,2013-10-14,54.049999,1.239998,-2.259999,1.270001,0.86,0.309998
199,2013-10-21,48.610001,-5.439998,1.239998,-2.259999,1.270001,0.86
200,2013-10-28,48.740002,0.130001,-5.439998,1.239998,-2.259999,1.270001
201,2013-11-04,48.619999,-0.120003,0.130001,-5.439998,1.239998,-2.259999
202,2013-11-11,51.150002,2.530003,-0.120003,0.130001,-5.439998,1.239998
203,2013-11-18,51.66,0.509998,2.530003,-0.120003,0.130001,-5.439998
204,2013-11-25,51.919998,0.259998,0.509998,2.530003,-0.120003,0.130001
205,2013-12-02,52.279999,0.360001,0.259998,0.509998,2.530003,-0.120003
206,2013-12-09,51.75,-0.529999,0.360001,0.259998,0.509998,2.530003
207,2013-12-16,53.02,1.27,-0.529999,0.360001,0.259998,0.509998
208,2013-12-23,54.0,0.98,1.27,-0.529999,0.360001,0.259998
209,2013-12-30,53.029999,-0.970001,0.98,1.27,-0.529999,0.360001
210,2014-01-06,51.43,-1.599999,-0.970001,0.98,1.27,-0.529999
211,2014-01-13,49.439999,-1.990001,-1.599999,-0.970001,0.98,1.27
212,2014-01-20,47.950001,-1.489998,-1.990001,-1.599999,-0.970001,0.98
213,2014-01-27,47.02,-0.930001,-1.489998,-1.990001,-1.599999,-0.970001
214,2014-02-03,50.130001,3.110001,-0.930001,-1.489998,-1.990001,-1.599999
215,2014-02-10,49.259998,-0.870003,3.110001,-0.930001,-1.489998,-1.990001
216,2014-02-17,48.439999,-0.819999,-0.870003,3.110001,-0.930001,-1.489998
217,2014-02-24,50.84,2.400001,-0.819999,-0.870003,3.110001,-0.930001
218,2014-03-03,54.880001,4.040001,2.400001,-0.819999,-0.870003,3.110001
219,2014-03-10,51.549999,-3.330002,4.040001,2.400001,-0.819999,-0.870003
220,2014-03-17,55.049999,3.5,-3.330002,4.040001,2.400001,-0.819999
221,2014-03-24,54.130001,-0.919998,3.5,-3.330002,4.040001,2.400001
222,2014-03-31,56.66,2.529999,-0.919998,3.5,-3.330002,4.040001
223,2014-04-07,53.150002,-3.509998,2.529999,-0.919998,3.5,-3.330002
224,2014-04-14,55.029999,1.879997,-3.509998,2.529999,-0.919998,3.5
225,2014-04-21,59.509998,4.479999,1.879997,-3.509998,2.529999,-0.919998
226,2014-04-28,63.130001,3.620003,4.479999,1.879997,-3.509998,2.529999
227,2014-05-05,62.849998,-0.280003,3.620003,4.479999,1.879997,-3.509998
228,2014-05-12,62.77,-0.079998,-0.280003,3.620003,4.479999,1.879997
229,2014-05-19,64.050003,1.280003,-0.079998,-0.280003,3.620003,4.479999
230,2014-05-26,64.639999,0.589996,1.280003,-0.079998,-0.280003,3.620003
231,2014-06-02,65.510002,0.870003,0.589996,1.280003,-0.079998,-0.280003
232,2014-06-09,62.279999,-3.230003,0.870003,0.589996,1.280003,-0.079998
233,2014-06-16,65.75,3.470001,-3.230003,0.870003,0.589996,1.280003
234,2014-06-23,68.010002,2.260002,3.470001,-3.230003,0.870003,0.589996
235,2014-06-30,71.050003,3.040001,2.260002,3.470001,-3.230003,0.870003
236,2014-07-07,71.129997,0.079994,3.040001,2.260002,3.470001,-3.230003
237,2014-07-14,71.150002,0.020005,0.079994,3.040001,2.260002,3.470001
238,2014-07-21,70.660004,-0.489998,0.020005,0.079994,3.040001,2.260002
239,2014-07-28,68.050003,-2.610001,-0.489998,0.020005,0.079994,3.040001
240,2014-08-04,67.410004,-0.639999,-2.610001,-0.489998,0.020005,0.079994
241,2014-08-11,69.199997,1.789993,-0.639999,-2.610001,-0.489998,0.020005
242,2014-08-18,68.18,-1.019997,1.789993,-0.639999,-2.610001,-0.489998
243,2014-08-25,69.68,1.5,-1.019997,1.789993,-0.639999,-2.610001
244,2014-09-01,71.940002,2.260002,1.5,-1.019997,1.789993,-0.639999
245,2014-09-08,67.110001,-4.830001,2.260002,1.5,-1.019997,1.789993
246,2014-09-15,65.370003,-1.739998,-4.830001,2.260002,1.5,-1.019997
247,2014-09-22,65.349998,-0.020005,-1.739998,-4.830001,2.260002,1.5
248,2014-09-29,68.75,3.400002,-0.020005,-1.739998,-4.830001,2.260002
249,2014-10-06,67.120003,-1.629997,3.400002,-0.020005,-1.739998,-4.830001
250,2014-10-13,65.190002,-1.930001,-1.629997,3.400002,-0.020005,-1.739998
251,2014-10-20,66.559998,1.369996,-1.930001,-1.629997,3.400002,-0.020005
252,2014-10-27,70.040001,3.480003,1.369996,-1.930001,-1.629997,3.400002
253,2014-11-03,73.629997,3.589996,3.480003,1.369996,-1.930001,-1.629997
254,2014-11-10,74.010002,0.380005,3.589996,3.480003,1.369996,-1.930001
255,2014-11-17,74.669998,0.659996,0.380005,3.589996,3.480003,1.369996
256,2014-11-24,75.709999,1.040001,0.659996,0.380005,3.589996,3.480003
257,2014-12-01,76.949997,1.239998,1.040001,0.659996,0.380005,3.589996
258,2014-12-08,74.639999,-2.309998,1.239998,1.040001,0.659996,0.380005
259,2014-12-15,75.529999,0.89,-2.309998,1.239998,1.040001,0.659996
260,2014-12-22,77.559998,2.029999,0.89,-2.309998,1.239998,1.040001
261,2014-12-29,76.089996,-1.470002,2.029999,0.89,-2.309998,1.239998
262,2015-01-05,74.449997,-1.639999,-1.470002,2.029999,0.89,-2.309998
263,2015-01-12,70.790001,-3.659996,-1.639999,-1.470002,2.029999,0.89
264,2015-01-19,74.730003,3.940002,-3.659996,-1.639999,-1.470002,2.029999
265,2015-01-26,74.209999,-0.520004,3.940002,-3.659996,-1.639999,-1.470002
266,2015-02-02,79.709999,5.5,-0.520004,3.940002,-3.659996,-1.639999
267,2015-02-09,79.870003,0.160004,5.5,-0.520004,3.940002,-3.659996
268,2015-02-16,78.870003,-1.0,0.160004,5.5,-0.520004,3.940002
269,2015-02-23,78.669998,-0.200005,-1.0,0.160004,5.5,-0.520004
270,2015-03-02,76.290001,-2.379997,-0.200005,-1.0,0.160004,5.5
271,2015-03-09,76.300003,0.010002,-2.379997,-0.200005,-1.0,0.160004
272,2015-03-16,79.459999,3.159996,0.010002,-2.379997,-0.200005,-1.0
273,2015-03-23,81.540001,2.080002,3.159996,0.010002,-2.379997,-0.200005
274,2015-03-30,83.790001,2.25,2.080002,3.159996,0.010002,-2.379997
275,2015-04-06,85.480003,1.690002,2.25,2.080002,3.159996,0.010002
276,2015-04-13,85.330002,-0.150001,1.690002,2.25,2.080002,3.159996
277,2015-04-20,87.790001,2.459999,-0.150001,1.690002,2.25,2.080002
278,2015-04-27,84.970001,-2.82,2.459999,-0.150001,1.690002,2.25
279,2015-05-04,85.839996,0.869995,-2.82,2.459999,-0.150001,1.690002
280,2015-05-11,84.660004,-1.179992,0.869995,-2.82,2.459999,-0.150001
281,2015-05-18,85.870003,1.209999,-1.179992,0.869995,-2.82,2.459999
282,2015-05-25,85.120003,-0.75,1.209999,-1.179992,0.869995,-2.82
283,2015-06-01,90.0,4.879997,-0.75,1.209999,-1.179992,0.869995
284,2015-06-08,87.620003,-2.379997,4.879997,-0.75,1.209999,-1.179992
285,2015-06-15,88.220001,0.599998,-2.379997,4.879997,-0.75,1.209999
286,2015-06-22,92.529999,4.309998,0.599998,-2.379997,4.879997,-0.75
287,2015-06-29,91.059998,-1.470001,4.309998,0.599998,-2.379997,4.879997
288,2015-07-06,90.980003,-0.079995,-1.470001,4.309998,0.599998,-2.379997
289,2015-07-13,95.169998,4.189995,-0.079995,-1.470001,4.309998,0.599998
290,2015-07-20,84.529999,-10.639999,4.189995,-0.079995,-1.470001,4.309998
291,2015-07-27,88.300003,3.770004,-10.639999,4.189995,-0.079995,-1.470001
292,2015-08-03,83.620003,-4.68,3.770004,-10.639999,4.189995,-0.079995
293,2015-08-10,83.720001,0.099998,-4.68,3.770004,-10.639999,4.189995
294,2015-08-17,78.900002,-4.819999,0.099998,-4.68,3.770004,-10.639999
295,2015-08-24,80.25,1.349998,-4.819999,0.099998,-4.68,3.770004
296,2015-08-31,78.82,-1.43,1.349998,-4.819999,0.099998,-4.68
297,2015-09-07,81.239998,2.419998,-1.43,1.349998,-4.819999,0.099998
298,2015-09-14,83.269997,2.029999,2.419998,-1.43,1.349998,-4.819999
299,2015-09-21,82.279999,-0.989998,2.029999,2.419998,-1.43,1.349998
300,2015-09-28,83.57,1.290001,-0.989998,2.029999,2.419998,-1.43
301,2015-10-05,84.260002,0.690002,1.290001,-0.989998,2.029999,2.419998
302,2015-10-12,86.949997,2.689995,0.690002,1.290001,-0.989998,2.029999
303,2015-10-19,80.550003,-6.399994,2.689995,0.690002,1.290001,-0.989998
304,2015-10-26,79.199997,-1.350006,-6.399994,2.689995,0.690002,1.290001
305,2015-11-02,78.139999,-1.059998,-1.350006,-6.399994,2.689995,0.690002
306,2015-11-09,68.980003,-9.159996,-1.059998,-1.350006,-6.399994,2.689995
307,2015-11-16,72.379997,3.399994,-9.159996,-1.059998,-1.350006,-6.399994
308,2015-11-23,76.529999,4.150002,3.399994,-9.159996,-1.059998,-1.350006
309,2015-11-30,73.809998,-2.720001,4.150002,3.399994,-9.159996,-1.059998
310,2015-12-07,70.300003,-3.509995,-2.720001,4.150002,3.399994,-9.159996
311,2015-12-14,66.760002,-3.540001,-3.509995,-2.720001,4.150002,3.399994
312,2015-12-21,68.900002,2.14,-3.540001,-3.509995,-2.720001,4.150002
313,2015-12-28,67.440002,-1.46,2.14,-3.540001,-3.509995,-2.720001
314,2016-01-04,53.34,-14.100002,-1.46,2.14,-3.540001,-3.509995
315,2016-01-11,48.060001,-5.279999,-14.100002,-1.46,2.14,-3.540001
316,2016-01-18,47.970001,-0.09,-5.279999,-14.100002,-1.46,2.14
317,2016-01-25,47.080002,-0.889999,-0.09,-5.279999,-14.100002,-1.46
318,2016-02-01,46.700001,-0.380001,-0.889999,-0.09,-5.279999,-14.100002
319,2016-02-08,49.049999,2.349998,-0.380001,-0.889999,-0.09,-5.279999
320,2016-02-15,51.619999,2.57,2.349998,-0.380001,-0.889999,-0.09
321,2016-02-22,58.540001,6.920002,2.57,2.349998,-0.380001,-0.889999
322,2016-02-29,60.369999,1.829998,6.920002,2.57,2.349998,-0.380001
323,2016-03-07,61.27,0.900001,1.829998,6.920002,2.57,2.349998
324,2016-03-14,59.849998,-1.420002,0.900001,1.829998,6.920002,2.57
325,2016-03-21,59.810001,-0.039997,-1.420002,0.900001,1.829998,6.920002
326,2016-03-28,56.779999,-3.030002,-0.039997,-1.420002,0.900001,1.829998
327,2016-04-04,53.93,-2.849999,-3.030002,-0.039997,-1.420002,0.900001
328,2016-04-11,59.34,5.41,-2.849999,-3.030002,-0.039997,-1.420002
329,2016-04-18,58.720001,-0.619999,5.41,-2.849999,-3.030002,-0.039997
330,2016-04-25,60.619999,1.899998,-0.619999,5.41,-2.849999,-3.030002
331,2016-05-02,56.18,-4.439999,1.899998,-0.619999,5.41,-2.849999
332,2016-05-09,54.57,-1.61,-4.439999,1.899998,-0.619999,5.41
333,2016-05-16,54.490002,-0.079998,-1.61,-4.439999,1.899998,-0.619999
334,2016-05-23,56.09,1.599998,-0.079998,-1.61,-4.439999,1.899998
335,2016-05-30,54.799999,-1.290001,1.599998,-0.079998,-1.61,-4.439999
336,2016-06-06,54.419998,-0.380001,-1.290001,1.599998,-0.079998,-1.61
337,2016-06-13,56.150002,1.730004,-0.380001,-1.290001,1.599998,-0.079998
338,2016-06-20,53.330002,-2.82,1.730004,-0.380001,-1.290001,1.599998
339,2016-06-27,54.099998,0.769996,-2.82,1.730004,-0.380001,-1.290001
340,2016-07-04,54.630001,0.530003,0.769996,-2.82,1.730004,-0.380001
341,2016-07-11,57.509998,2.879997,0.530003,0.769996,-2.82,1.730004
342,2016-07-18,61.130001,3.620003,2.879997,0.530003,0.769996,-2.82
343,2016-07-25,60.799999,-0.330002,3.620003,2.879997,0.530003,0.769996
344,2016-08-01,57.529999,-3.27,-0.330002,3.620003,2.879997,0.530003
345,2016-08-08,55.860001,-1.669998,-3.27,-0.330002,3.620003,2.879997
346,2016-08-15,53.939999,-1.920002,-1.669998,-3.27,-0.330002,3.620003
347,2016-08-22,52.849998,-1.090001,-1.920002,-1.669998,-3.27,-0.330002
348,2016-08-29,55.18,2.330002,-1.090001,-1.920002,-1.669998,-3.27
349,2016-09-05,53.5,-1.68,2.330002,-1.090001,-1.920002,-1.669998
350,2016-09-12,53.630001,0.130001,-1.68,2.330002,-1.090001,-1.920002
351,2016-09-19,55.619999,1.989998,0.130001,-1.68,2.330002,-1.090001
352,2016-09-26,55.669998,0.049999,1.989998,0.130001,-1.68,2.330002
353,2016-10-03,54.02,-1.649998,0.049999,1.989998,0.130001,-1.68
354,2016-10-10,55.400002,1.380002,-1.649998,0.049999,1.989998,0.130001
355,2016-10-17,53.099998,-2.300004,1.380002,-1.649998,0.049999,1.989998
356,2016-10-24,51.0,-2.099998,-2.300004,1.380002,-1.649998,0.049999
357,2016-10-31,49.299999,-1.700001,-2.099998,-2.300004,1.380002,-1.649998
358,2016-11-07,54.299999,5.0,-1.700001,-2.099998,-2.300004,1.380002
359,2016-11-14,58.5,4.200001,5.0,-1.700001,-2.099998,-2.300004
360,2016-11-21,60.349998,1.849998,4.200001,5.0,-1.700001,-2.099998
361,2016-11-28,56.900002,-3.449996,1.849998,4.200001,5.0,-1.700001
362,2016-12-05,63.450001,6.549999,-3.449996,1.849998,4.200001,5.0
363,2016-12-12,62.450001,-1.0,6.549999,-3.449996,1.849998,4.200001
364,2016-12-19,62.450001,0.0,-1.0,6.549999,-3.449996,1.849998
365,2016-12-26,61.700001,-0.75,0.0,-1.0,6.549999,-3.449996
366,2017-01-02,61.75,0.049999,-0.75,0.0,-1.0,6.549999
367,2017-01-09,63.650002,1.900002,0.049999,-0.75,0.0,-1.0
368,2017-01-16,63.900002,0.25,1.900002,0.049999,-0.75,0.0
369,2017-01-23,64.699997,0.799995,0.25,1.900002,0.049999,-0.75
370,2017-01-30,64.449997,-0.25,0.799995,0.25,1.900002,0.049999
371,2017-02-06,65.650002,1.200005,-0.25,0.799995,0.25,1.900002
372,2017-02-13,67.550003,1.900001,1.200005,-0.25,0.799995,0.25
373,2017-02-20,66.699997,-0.850006,1.900001,1.200005,-0.25,0.799995
374,2017-02-27,65.300003,-1.399994,-0.850006,1.900001,1.200005,-0.25
375,2017-03-06,61.549999,-3.750004,-1.399994,-0.850006,1.900001,1.200005
376,2017-03-13,61.900002,0.350003,-3.750004,-1.399994,-0.850006,1.900001
377,2017-03-20,60.650002,-1.25,0.350003,-3.750004,-1.399994,-0.850006
378,2017-03-27,60.099998,-0.550004,-1.25,0.350003,-3.750004,-1.399994
379,2017-04-03,58.0,-2.099998,-0.550004,-1.25,0.350003,-3.750004
380,2017-04-10,57.549999,-0.450001,-2.099998,-0.550004,-1.25,0.350003
381,2017-04-17,61.349998,3.799999,-0.450001,-2.099998,-0.550004,-1.25
382,2017-04-24,61.200001,-0.149997,3.799999,-0.450001,-2.099998,-0.550004
383,2017-05-01,59.549999,-1.650002,-0.149997,3.799999,-0.450001,-2.099998
384,2017-05-08,56.200001,-3.349998,-1.650002,-0.149997,3.799999,-0.450001
385,2017-05-15,57.299999,1.099998,-3.349998,-1.650002,-0.149997,3.799999
386,2017-05-22,56.200001,-1.099998,1.099998,-3.349998,-1.650002,-0.149997
387,2017-05-29,56.700001,0.5,-1.099998,1.099998,-3.349998,-1.650002
388,2017-06-05,55.349998,-1.350003,0.5,-1.099998,1.099998,-3.349998
389,2017-06-12,54.650002,-0.699996,-1.350003,0.5,-1.099998,1.099998
390,2017-06-19,52.25,-2.400002,-0.699996,-1.350003,0.5,-1.099998
391,2017-06-26,56.549999,4.299999,-2.400002,-0.699996,-1.350003,0.5
392,2017-07-03,55.450001,-1.099998,4.299999,-2.400002,-0.699996,-1.350003
393,2017-07-10,57.0,1.549999,-1.099998,4.299999,-2.400002,-0.699996
394,2017-07-17,57.349998,0.349998,1.549999,-1.099998,4.299999,-2.400002
395,2017-07-24,55.200001,-2.149997,0.349998,1.549999,-1.099998,4.299999
396,2017-07-31,54.25,-0.950001,-2.149997,0.349998,1.549999,-1.099998
397,2017-08-07,52.25,-2.0,-0.950001,-2.149997,0.349998,1.549999
398,2017-08-14,50.650002,-1.599998,-2.0,-0.950001,-2.149997,0.349998
399,2017-08-21,51.099998,0.449996,-1.599998,-2.0,-0.950001,-2.149997
400,2017-08-28,54.400002,3.300004,0.449996,-1.599998,-2.0,-0.950001
401,2017-09-04,56.0,1.599998,3.300004,0.449996,-1.599998,-2.0
402,2017-09-11,58.450001,2.450001,1.599998,3.300004,0.449996,-1.599998
403,2017-09-18,59.599998,1.149997,2.450001,1.599998,3.300004,0.449996
404,2017-09-25,61.099998,1.5,1.149997,2.450001,1.599998,3.300004
405,2017-10-02,61.75,0.650002,1.5,1.149997,2.450001,1.599998
406,2017-10-09,57.549999,-4.200001,0.650002,1.5,1.149997,2.450001
407,2017-10-16,55.849998,-1.700001,-4.200001,0.650002,1.5,1.149997
408,2017-10-23,60.900002,5.050004,-1.700001,-4.200001,0.650002,1.5
409,2017-10-30,61.950001,1.049999,5.050004,-1.700001,-4.200001,0.650002
410,2017-11-06,61.950001,0.0,1.049999,5.050004,-1.700001,-4.200001
411,2017-11-13,61.75,-0.200001,0.0,1.049999,5.050004,-1.700001
412,2017-11-20,63.599998,1.849998,-0.200001,0.0,1.049999,5.050004
413,2017-11-27,66.25,2.650002,1.849998,-0.200001,0.0,1.049999
414,2017-12-04,67.75,1.5,2.650002,1.849998,-0.200001,0.0
415,2017-12-11,65.050003,-2.699997,1.5,2.650002,1.849998,-0.200001
416,2017-12-18,64.449997,-0.600006,-2.699997,1.5,2.650002,1.849998
417,2017-12-25,64.0,-0.449997,-0.600006,-2.699997,1.5,2.650002
418,2018-01-01,66.550003,2.550003,-0.449997,-0.600006,-2.699997,1.5
419,2018-01-08,75.300003,8.75,2.550003,-0.449997,-0.600006,-2.699997
420,2018-01-15,73.900002,-1.400001,8.75,2.550003,-0.449997,-0.600006
421,2018-01-22,75.550003,1.650001,-1.400001,8.75,2.550003,-0.449997
422,2018-01-29,68.5,-7.050003,1.650001,-1.400001,8.75,2.550003
423,2018-02-05,69.150002,0.650002,-7.050003,1.650001,-1.400001,8.75
424,2018-02-12,68.800003,-0.349999,0.650002,-7.050003,1.650001,-1.400001
425,2018-02-19,68.900002,0.099999,-0.349999,0.650002,-7.050003,1.650001
426,2018-02-26,66.150002,-2.75,0.099999,-0.349999,0.650002,-7.050003
427,2018-03-05,69.650002,3.5,-2.75,0.099999,-0.349999,0.650002
428,2018-03-12,69.050003,-0.599999,3.5,-2.75,0.099999,-0.349999
429,2018-03-19,63.900002,-5.150001,-0.599999,3.5,-2.75,0.099999
430,2018-03-26,67.5,3.599998,-5.150001,-0.599999,3.5,-2.75
431,2018-04-02,66.5,-1.0,3.599998,-5.150001,-0.599999,3.5
432,2018-04-09,66.650002,0.150002,-1.0,3.599998,-5.150001,-0.599999
433,2018-04-16,66.199997,-0.450005,0.150002,-1.0,3.599998,-5.150001
434,2018-04-23,68.75,2.550003,-0.450005,0.150002,-1.0,3.599998
435,2018-04-30,70.550003,1.800003,2.550003,-0.450005,0.150002,-1.0
436,2018-05-07,70.0,-0.550003,1.800003,2.550003,-0.450005,0.150002
437,2018-05-14,69.699997,-0.300003,-0.550003,1.800003,2.550003,-0.450005
438,2018-05-21,69.949997,0.25,-0.300003,-0.550003,1.800003,2.550003
439,2018-05-28,70.199997,0.25,0.25,-0.300003,-0.550003,1.800003
440,2018-06-04,74.199997,4.0,0.25,0.25,-0.300003,-0.550003
441,2018-06-11,73.550003,-0.649994,4.0,0.25,0.25,-0.300003
442,2018-06-18,74.800003,1.25,-0.649994,4.0,0.25,0.25
443,2018-06-25,68.550003,-6.25,1.25,-0.649994,4.0,0.25
444,2018-07-02,70.449997,1.899994,-6.25,1.25,-0.649994,4.0
445,2018-07-09,67.349998,-3.099999,1.899994,-6.25,1.25,-0.649994
446,2018-07-16,69.349998,2.0,-3.099999,1.899994,-6.25,1.25
447,2018-07-23,68.150002,-1.199996,2.0,-3.099999,1.899994,-6.25
448,2018-07-30,72.849998,4.699996,-1.199996,2.0,-3.099999,1.899994
449,2018-08-06,75.0,2.150002,4.699996,-1.199996,2.0,-3.099999
450,2018-08-13,74.75,-0.25,2.150002,4.699996,-1.199996,2.0
451,2018-08-20,75.349998,0.599998,-0.25,2.150002,4.699996,-1.199996
452,2018-08-27,74.5,-0.849998,0.599998,-0.25,2.150002,4.699996
453,2018-09-03,71.900002,-2.599998,-0.849998,0.599998,-0.25,2.150002
454,2018-09-10,73.199997,1.299995,-2.599998,-0.849998,0.599998,-0.25
455,2018-09-17,72.25,-0.949997,1.299995,-2.599998,-0.849998,0.599998
456,2018-09-24,68.75,-3.5,-0.949997,1.299995,-2.599998,-0.849998
457,2018-10-01,63.18,-5.57,-3.5,-0.949997,1.299995,-2.599998
458,2018-10-08,59.939999,-3.240001,-5.57,-3.5,-0.949997,1.299995
459,2018-10-15,59.759998,-0.180001,-3.240001,-5.57,-3.5,-0.949997
460,2018-10-22,67.610001,7.850003,-0.180001,-3.240001,-5.57,-3.5
461,2018-10-29,68.120003,0.510002,7.850003,-0.180001,-3.240001,-5.57
462,2018-11-05,67.959999,-0.160004,0.510002,7.850003,-0.180001,-3.240001
463,2018-11-12,69.029999,1.07,-0.160004,0.510002,7.850003,-0.180001
464,2018-11-19,69.900002,0.870003,1.07,-0.160004,0.510002,7.850003
465,2018-11-26,69.120003,-0.779999,0.870003,1.07,-0.160004,0.510002
466,2018-12-03,64.349998,-4.770005,-0.779999,0.870003,1.07,-0.160004
467,2018-12-10,66.309998,1.96,-4.770005,-0.779999,0.870003,1.07
468,2018-12-17,62.5,-3.809998,1.96,-4.770005,-0.779999,0.870003
469,2018-12-24,65.709999,3.209999,-3.809998,1.96,-4.770005,-0.779999
470,2018-12-31,68.470001,2.760002,3.209999,-3.809998,1.96,-4.770005
471,2019-01-07,69.639999,1.169998,2.760002,3.209999,-3.809998,1.96
472,2019-01-14,72.629997,2.989998,1.169998,2.760002,3.209999,-3.809998
473,2019-01-21,69.879997,-2.75,2.989998,1.169998,2.760002,3.209999
474,2019-01-28,70.510002,0.630005,-2.75,2.989998,1.169998,2.760002
475,2019-02-04,69.019997,-1.490005,0.630005,-2.75,2.989998,1.169998
476,2019-02-11,71.900002,2.880005,-1.490005,0.630005,-2.75,2.989998
477,2019-02-18,70.370003,-1.529999,2.880005,-1.490005,0.630005,-2.75
478,2019-02-25,71.190002,0.819999,-1.529999,2.880005,-1.490005,0.630005
479,2019-03-04,67.029999,-4.160003,0.819999,-1.529999,2.880005,-1.490005
480,2019-03-11,68.290001,1.260002,-4.160003,0.819999,-1.529999,2.880005
481,2019-03-18,66.889999,-1.400002,1.260002,-4.160003,0.819999,-1.529999
482,2019-03-25,69.360001,2.470002,-1.400002,1.260002,-4.160003,0.819999
483,2019-04-01,71.610001,2.25,2.470002,-1.400002,1.260002,-4.160003
484,2019-04-08,75.349998,3.739997,2.25,2.470002,-1.400002,1.260002
485,2019-04-15,75.650002,0.300004,3.739997,2.25,2.470002,-1.400002
486,2019-04-22,81.050003,5.400001,0.300004,3.739997,2.25,2.470002
487,2019-04-29,80.449997,-0.600006,5.400001,0.300004,3.739997,2.25
488,2019-05-06,80.25,-0.199997,-0.600006,5.400001,0.300004,3.739997
489,2019-05-13,78.57,-1.68,-0.199997,-0.600006,5.400001,0.300004
490,2019-05-20,78.580002,0.010002,-1.68,-0.199997,-0.600006,5.400001
491,2019-05-27,74.190002,-4.39,0.010002,-1.68,-0.199997,-0.600006
492,2019-06-03,77.949997,3.759995,-4.39,0.010002,-1.68,-0.199997
493,2019-06-10,79.809998,1.860001,3.759995,-4.39,0.010002,-1.68
494,2019-06-17,81.75,1.940002,1.860001,3.759995,-4.39,0.010002
495,2019-06-24,84.339996,2.589996,1.940002,1.860001,3.759995,-4.39
496,2019-07-01,83.910004,-0.429992,2.589996,1.940002,1.860001,3.759995
497,2019-07-08,84.5,0.589996,-0.429992,2.589996,1.940002,1.860001
498,2019-07-15,84.440002,-0.059998,0.589996,-0.429992,2.589996,1.940002
499,2019-07-22,89.5,5.059998,-0.059998,0.589996,-0.429992,2.589996
500,2019-07-29,92.160004,2.660004,5.059998,-0.059998,0.589996,-0.429992
501,2019-08-05,92.559998,0.399994,2.660004,5.059998,-0.059998,0.589996
502,2019-08-12,90.07,-2.489998,0.399994,2.660004,5.059998,-0.059998
503,2019-08-19,88.739998,-1.330002,-2.489998,0.399994,2.660004,5.059998
504,2019-08-26,94.300003,5.560005,-1.330002,-2.489998,0.399994,2.660004
505,2019-09-02,96.550003,2.25,5.560005,-1.330002,-2.489998,0.399994
506,2019-09-09,100.330002,3.779999,2.25,5.560005,-1.330002,-2.489998
507,2019-09-16,100.93,0.599998,3.779999,2.25,5.560005,-1.330002
508,2019-09-23,100.959999,0.029999,0.599998,3.779999,2.25,5.560005
509,2019-09-30,97.129997,-3.830002,0.029999,0.599998,3.779999,2.25
510,2019-10-07,99.860001,2.730004,-3.830002,0.029999,0.599998,3.779999
511,2019-10-14,103.32,3.459999,2.730004,-3.830002,0.029999,0.599998
512,2019-10-21,102.93,-0.39,3.459999,2.730004,-3.830002,0.029999
513,2019-10-28,107.400002,4.470002,-0.39,3.459999,2.730004,-3.830002
514,2019-11-04,109.059998,1.659996,4.470002,-0.39,3.459999,2.730004
515,2019-11-11,110.0,0.940002,1.659996,4.470002,-0.39,3.459999
516,2019-11-18,109.690002,-0.309998,0.940002,1.659996,4.470002,-0.39
517,2019-11-25,110.839996,1.149994,-0.309998,0.940002,1.659996,4.470002
518,2019-12-02,110.919998,0.080002,1.149994,-0.309998,0.940002,1.659996
519,2019-12-09,116.669998,5.75,0.080002,1.149994,-0.309998,0.940002
520,2019-12-16,117.919998,1.25,5.75,0.080002,1.149994,-0.309998
521,2019-12-23,113.550003,-4.369995,1.25,5.75,0.080002,1.149994
522,2019-12-30,108.389999,-5.160004,-4.369995,1.25,5.75,0.080002
523,2020-01-06,100.279999,-8.11,-5.160004,-4.369995,1.25,5.75
524,2020-01-13,102.260002,1.980003,-8.11,-5.160004,-4.369995,1.25
525,2020-01-20,99.739998,-2.520004,1.980003,-8.11,-5.160004,-4.369995
526,2020-01-27,96.449997,-3.290001,-2.520004,1.980003,-8.11,-5.160004
527,2020-02-03,93.669998,-2.779999,-3.290001,-2.520004,1.980003,-8.11
528,2020-02-10,95.699997,2.029999,-2.779999,-3.290001,-2.520004,1.980003
529,2020-02-17,99.489998,3.790001,2.029999,-2.779999,-3.290001,-2.520004
530,2020-02-24,88.639999,-10.849999,3.790001,2.029999,-2.779999,-3.290001
531,2020-03-02,87.019997,-1.620002,-10.849999,3.790001,2.029999,-2.779999
532,2020-03-09,55.110001,-31.909996,-1.620002,-10.849999,3.790001,2.029999
533,2020-03-16,50.599998,-4.510003,-31.909996,-1.620002,-10.849999,3.790001
534,2020-03-23,55.5,4.900002,-4.510003,-31.909996,-1.620002,-10.849999
535,2020-03-30,42.099998,-13.400002,4.900002,-4.510003,-31.909996,-1.620002
536,2020-04-06,60.43,18.330002,-13.400002,4.900002,-4.510003,-31.909996
537,2020-04-13,58.119999,-2.310001,18.330002,-13.400002,4.900002,-4.510003
538,2020-04-20,58.470001,0.350002,-2.310001,18.330002,-13.400002,4.900002
539,2020-04-27,65.730003,7.260002,0.350002,-2.310001,18.330002,-13.400002
540,2020-05-04,69.519997,3.789994,7.260002,0.350002,-2.310001,18.330002
541,2020-05-11,62.299999,-7.219998,3.789994,7.260002,0.350002,-2.310001
542,2020-05-18,72.07,9.770001,-7.219998,3.789994,7.260002,0.350002
543,2020-05-25,72.279999,0.209999,9.770001,-7.219998,3.789994,7.260002
544,2020-06-01,81.5,9.220001,0.209999,9.770001,-7.219998,3.789994
545,2020-06-08,76.07,-5.43,9.220001,0.209999,9.770001,-7.219998
546,2020-06-15,74.980003,-1.089997,-5.43,9.220001,0.209999,9.770001
547,2020-06-22,73.089996,-1.890007,-1.089997,-5.43,9.220001,0.209999
548,2020-06-29,76.589996,3.5,-1.890007,-1.089997,-5.43,9.220001
549,2020-07-06,92.0,15.410004,3.5,-1.890007,-1.089997,-5.43
550,2020-07-13,99.25,7.25,15.410004,3.5,-1.890007,-1.089997
551,2020-07-20,104.580002,5.330002,7.25,15.410004,3.5,-1.890007
552,2020-07-27,100.150002,-4.43,5.330002,7.25,15.410004,3.5
553,2020-08-03,102.510002,2.36,-4.43,5.330002,7.25,15.410004
554,2020-08-10,108.550003,6.040001,2.36,-4.43,5.330002,7.25
555,2020-08-17,103.089996,-5.460007,6.040001,2.36,-4.43,5.330002
556,2020-08-24,108.0,4.910004,-5.460007,6.040001,2.36,-4.43
557,2020-08-31,106.32,-1.68,4.910004,-5.460007,6.040001,2.36
558,2020-09-07,104.610001,-1.709999,-1.68,4.910004,-5.460007,6.040001
559,2020-09-14,98.279999,-6.330002,-1.709999,-1.68,4.910004,-5.460007
560,2020-09-21,93.139999,-5.14,-6.330002,-1.709999,-1.68,4.910004
561,2020-09-28,103.730003,10.590004,-5.14,-6.330002,-1.709999,-1.68
562,2020-10-05,114.699997,10.969994,10.590004,-5.14,-6.330002,-1.709999
563,2020-10-12,114.519997,-0.18,10.969994,10.590004,-5.14,-6.330002
564,2020-10-19,118.940002,4.420005,-0.18,10.969994,10.590004,-5.14
565,2020-10-26,102.980003,-15.959999,4.420005,-0.18,10.969994,10.590004
566,2020-11-02,114.190002,11.209999,-15.959999,4.420005,-0.18,10.969994
567,2020-11-09,119.959999,5.769997,11.209999,-15.959999,4.420005,-0.18
568,2020-11-16,117.040001,-2.919998,5.769997,11.209999,-15.959999,4.420005
569,2020-11-23,118.330002,1.290001,-2.919998,5.769997,11.209999,-15.959999
570,2020-11-30,137.710007,19.380005,1.290001,-2.919998,5.769997,11.209999
571,2020-12-07,143.440002,5.729995,19.380005,1.290001,-2.919998,5.769997
572,2020-12-14,142.600006,-0.839996,5.729995,19.380005,1.290001,-2.919998
573,2020-12-21,139.839996,-2.76001,-0.839996,5.729995,19.380005,1.290001
574,2020-12-28,145.740005,5.900009,-2.76001,-0.839996,5.729995,19.380005
575,2021-01-04,161.809998,16.069993,5.900009,-2.76001,-0.839996,5.729995
576,2021-01-11,162.460007,0.650009,16.069993,5.900009,-2.76001,-0.839996
577,2021-01-18,162.449997,-0.01001,0.650009,16.069993,5.900009,-2.76001
578,2021-01-25,142.610001,-19.839996,-0.01001,0.650009,16.069993,5.900009
579,2021-02-01,155.119995,12.509994,-19.839996,-0.01001,0.650009,16.069993
580,2021-02-08,157.990005,2.87001,12.509994,-19.839996,-0.01001,0.650009
581,2021-02-15,160.899994,2.909989,2.87001,12.509994,-19.839996,-0.01001
582,2021-02-22,169.449997,8.550003,2.909989,2.87001,12.509994,-19.839996
583,2021-03-01,171.649994,2.199997,8.550003,2.909989,2.87001,12.509994
584,2021-03-08,191.050003,19.400009,2.199997,8.550003,2.909989,2.87001
585,2021-03-15,188.539993,-2.51001,19.400009,2.199997,8.550003,2.909989
586,2021-03-22,199.289993,10.75,-2.51001,19.400009,2.199997,8.550003
587,2021-03-29,196.710007,-2.579986,10.75,-2.51001,19.400009,2.199997
588,2021-04-05,198.490005,1.779998,-2.579986,10.75,-2.51001,19.400009
589,2021-04-12,208.210007,9.720002,1.779998,-2.579986,10.75,-2.51001
590,2021-04-19,211.330002,3.119995,9.720002,1.779998,-2.579986,10.75
591,2021-04-26,198.610001,-12.720001,3.119995,9.720002,1.779998,-2.579986
592,2021-05-03,209.020004,10.410003,-12.720001,3.119995,9.720002,1.779998
593,2021-05-10,209.850006,0.830002,10.410003,-12.720001,3.119995,9.720002
594,2021-05-17,197.300003,-12.550003,0.830002,10.410003,-12.720001,3.119995
595,2021-05-24,198.289993,0.98999,-12.550003,0.830002,10.410003,-12.720001
596,2021-05-31,184.089996,-14.199997,0.98999,-12.550003,0.830002,10.410003
597,2021-06-07,177.139999,-6.949997,-14.199997,0.98999,-12.550003,0.830002
598,2021-06-14,158.270004,-18.869995,-6.949997,-14.199997,0.98999,-12.550003
599,2021-06-21,169.009995,10.739991,-18.869995,-6.949997,-14.199997,0.98999
600,2021-06-28,177.589996,8.580001,10.739991,-18.869995,-6.949997,-14.199997
601,2021-07-05,182.130005,4.540009,8.580001,10.739991,-18.869995,-6.949997
602,2021-07-12,184.169998,2.039993,4.540009,8.580001,10.739991,-18.869995
603,2021-07-19,196.509995,12.339997,2.039993,4.540009,8.580001,10.739991
604,2021-07-26,205.460007,8.950012,12.339997,2.039993,4.540009,8.580001
605,2021-08-02,194.960007,-10.5,8.950012,12.339997,2.039993,4.540009
606,2021-08-09,195.110001,0.149994,-10.5,8.950012,12.339997,2.039993
607,2021-08-16,185.75,-9.360001,0.149994,-10.5,8.950012,12.339997
608,2021-08-23,190.860001,5.110001,-9.360001,0.149994,-10.5,8.950012
609,2021-08-30,179.440002,-11.419999,5.110001,-9.360001,0.149994,-10.5
610,2021-09-06,171.080002,-8.36,-11.419999,5.110001,-9.360001,0.149994
611,2021-09-13,181.929993,10.849991,-8.36,-11.419999,5.110001,-9.360001
612,2021-09-20,196.029999,14.100006,10.849991,-8.36,-11.419999,5.110001
613,2021-09-27,197.770004,1.740005,14.100006,10.849991,-8.36,-11.419999
614,2021-10-04,208.75,10.979996,1.740005,14.100006,10.849991,-8.36
615,2021-10-11,210.630005,1.880005,10.979996,1.740005,14.100006,10.849991
616,2021-10-18,228.029999,17.399994,1.880005,10.979996,1.740005,14.100006
617,2021-10-25,195.710007,-32.319992,17.399994,1.880005,10.979996,1.740005
618,2021-11-01,182.070007,-13.64,-32.319992,17.399994,1.880005,10.979996
619,2021-11-08,184.720001,2.649994,-13.64,-32.319992,17.399994,1.880005
620,2021-11-15,162.990005,-21.729996,2.649994,-13.64,-32.319992,17.399994
621,2021-11-22,159.789993,-3.200012,-21.729996,2.649994,-13.64,-32.319992
622,2021-11-29,166.839996,7.050003,-3.200012,-21.729996,2.649994,-13.64
623,2021-12-06,172.449997,5.610001,7.050003,-3.200012,-21.729996,2.649994
624,2021-12-13,164.100006,-8.349991,5.610001,7.050003,-3.200012,-21.729996
625,2021-12-20,164.419998,0.319992,-8.349991,5.610001,7.050003,-3.200012
626,2021-12-27,172.729996,8.309998,0.319992,-8.349991,5.610001,7.050003
627,2022-01-03,175.169998,2.440002,8.309998,0.319992,-8.349991,5.610001
628,2022-01-10,167.210007,-7.959991,2.440002,8.309998,0.319992,-8.349991
629,2022-01-17,157.25,-9.960007,-7.959991,2.440002,8.309998,0.319992
630,2022-01-24,156.899994,-0.350006,-9.960007,-7.959991,2.440002,8.309998
631,2022-01-31,152.720001,-4.179993,-0.350006,-9.960007,-7.959991,2.440002
632,2022-02-07,161.559998,8.839997,-4.179993,-0.350006,-9.960007,-7.959991
633,2022-02-14,186.330002,24.770004,8.839997,-4.179993,-0.350006,-9.960007
634,2022-02-21,191.559998,5.229996,24.770004,8.839997,-4.179993,-0.350006
635,2022-02-28,190.850006,-0.709992,5.229996,24.770004,8.839997,-4.179993
636,2022-03-07,187.949997,-2.900009,-0.709992,5.229996,24.770004,8.839997
637,2022-03-14,190.309998,2.360001,-2.900009,-0.709992,5.229996,24.770004
638,2022-03-21,172.690002,-17.619996,2.360001,-2.900009,-0.709992,5.229996
639,2022-03-28,157.860001,-14.830001,-17.619996,2.360001,-2.900009,-0.709992
640,2022-04-04,156.570007,-1.289994,-14.830001,-17.619996,2.360001,-2.900009
641,2022-04-11,153.660004,-2.910003,-1.289994,-14.830001,-17.619996,2.360001
642,2022-04-18,160.509995,6.849991,-2.910003,-1.289994,-14.830001,-17.619996
643,2022-04-25,183.710007,23.200012,6.849991,-2.910003,-1.289994,-14.830001
644,2022-05-02,191.630005,7.919998,23.200012,6.849991,-2.910003,-1.289994
645,2022-05-09,191.979996,0.349991,7.919998,23.200012,6.849991,-2.910003
646,2022-05-16,170.960007,-21.019989,0.349991,7.919998,23.200012,6.849991
647,2022-05-23,185.0,14.039993,-21.019989,0.349991,7.919998,23.200012
648,2022-05-30,182.720001,-2.279999,14.039993,-21.019989,0.349991,7.919998
649,2022-06-06,183.139999,0.419998,-2.279999,14.039993,-21.019989,0.349991
650,2022-06-13,164.110001,-19.029998,0.419998,-2.279999,14.039993,-21.019989
651,2022-06-20,177.300003,13.190002,-19.029998,0.419998,-2.279999,14.039993
652,2022-06-27,173.279999,-4.020004,13.190002,-19.029998,0.419998,-2.279999
653,2022-07-04,171.240005,-2.039994,-4.020004,13.190002,-19.029998,0.419998
654,2022-07-11,161.279999,-9.960006,-2.039994,-4.020004,13.190002,-19.029998
655,2022-07-18,167.220001,5.940002,-9.960006,-2.039994,-4.020004,13.190002
656,2022-07-25,171.639999,4.419998,5.940002,-9.960006,-2.039994,-4.020004
657,2022-08-01,179.220001,7.580002,4.419998,5.940002,-9.960006,-2.039994
658,2022-08-08,184.809998,5.589997,7.580002,4.419998,5.940002,-9.960006
659,2022-08-15,186.149994,1.339996,5.589997,7.580002,4.419998,5.940002
660,2022-08-22,184.279999,-1.869995,1.339996,5.589997,7.580002,4.419998
661,2022-08-29,171.100006,-13.179993,-1.869995,1.339996,5.589997,7.580002
662,2022-09-05,170.690002,-0.410004,-13.179993,-1.869995,1.339996,5.589997
663,2022-09-12,156.839996,-13.850006,-0.410004,-13.179993,-1.869995,1.339996
664,2022-09-19,147.679993,-9.160003,-13.850006,-0.410004,-13.179993,-1.869995
665,2022-09-26,151.100006,3.420013,-9.160003,-13.850006,-0.410004,-13.179993
666,2022-10-03,154.630005,3.529999,3.420013,-9.160003,-13.850006,-0.410004
667,2022-10-10,154.429993,-0.200012,3.529999,3.420013,-9.160003,-13.850006
668,2022-10-17,143.149994,-11.279999,-0.200012,3.529999,3.420013,-9.160003
669,2022-10-24,156.929993,13.779999,-11.279999,-0.200012,3.529999,3.420013
670,2022-10-31,153.880005,-3.049988,13.779999,-11.279999,-0.200012,3.529999
671,2022-11-07,181.050003,27.169998,-3.049988,13.779999,-11.279999,-0.200012
672,2022-11-14,178.360001,-2.690002,27.169998,-3.049988,13.779999,-11.279999
673,2022-11-21,181.559998,3.199997,-2.690002,27.169998,-3.049988,13.779999
674,2022-11-28,183.320007,1.760009,3.199997,-2.690002,27.169998,-3.049988
675,2022-12-05,181.179993,-2.140014,1.760009,3.199997,-2.690002,27.169998
676,2022-12-12,167.100006,-14.079987,-2.140014,1.760009,3.199997,-2.690002
677,2022-12-19,169.009995,1.909989,-14.079987,-2.140014,1.760009,3.199997
678,2022-12-26,179.25,10.240005,1.909989,-14.079987,-2.140014,1.760009
679,2023-01-02,184.229996,4.979996,10.240005,1.909989,-14.079987,-2.140014
680,2023-01-09,189.050003,4.820007,4.979996,10.240005,1.909989,-14.079987
681,2023-01-16,189.960007,0.910004,4.820007,4.979996,10.240005,1.909989
682,2023-01-23,214.839996,24.879989,0.910004,4.820007,4.979996,10.240005
683,2023-01-30,243.130005,28.290009,24.879989,0.910004,4.820007,4.979996
684,2023-02-06,231.509995,-11.62001,28.290009,24.879989,0.910004,4.820007
685,2023-02-13,241.520004,10.010009,-11.62001,28.290009,24.879989,0.910004
686,2023-02-20,221.240005,-20.279999,10.010009,-11.62001,28.290009,24.879989
687,2023-02-27,238.020004,16.779999,-20.279999,10.010009,-11.62001,28.290009
688,2023-03-06,225.240005,-12.779999,16.779999,-20.279999,10.010009,-11.62001
689,2023-03-13,196.039993,-29.200012,-12.779999,16.779999,-20.279999,10.010009
690,2023-03-20,198.360001,2.320008,-29.200012,-12.779999,16.779999,-20.279999
691,2023-03-27,210.0,11.639999,2.320008,-29.200012,-12.779999,16.779999
692,2023-04-03,193.539993,-16.460007,11.639999,2.320008,-29.200012,-12.779999
693,2023-04-10,208.270004,14.730011,-16.460007,11.639999,2.320008,-29.200012
694,2023-04-17,203.929993,-4.340011,14.730011,-16.460007,11.639999,2.320008
695,2023-04-24,193.460007,-10.469986,-4.340011,14.730011,-16.460007,11.639999
696,2023-05-01,196.929993,3.469986,-10.469986,-4.340011,14.730011,-16.460007
697,2023-05-08,199.470001,2.540008,3.469986,-10.469986,-4.340011,14.730011
698,2023-05-15,204.229996,4.759995,2.540008,3.469986,-10.469986,-4.340011
699,2023-05-22,212.600006,8.37001,4.759995,2.540008,3.469986,-10.469986
700,2023-05-29,218.490005,5.889999,8.37001,4.759995,2.540008,3.469986
701,2023-06-05,226.259995,7.76999,5.889999,8.37001,4.759995,2.540008
702,2023-06-12,221.789993,-4.470002,7.76999,5.889999,8.37001,4.759995
703,2023-06-19,228.360001,6.570008,-4.470002,7.76999,5.889999,8.37001
704,2023-06-26,240.419998,12.059997,6.570008,-4.470002,7.76999,5.889999
705,2023-07-03,243.679993,3.259995,12.059997,6.570008,-4.470002,7.76999
706,2023-07-10,243.259995,-0.419998,3.259995,12.059997,6.570008,-4.470002
707,2023-07-17,232.369995,-10.89,-0.419998,3.259995,12.059997,6.570008
708,2023-07-24,219.990005,-12.37999,-10.89,-0.419998,3.259995,12.059997
709,2023-07-31,221.429993,1.439988,-12.37999,-10.89,-0.419998,3.259995
710,2023-08-07,226.089996,4.660003,1.439988,-12.37999,-10.89,-0.419998
711,2023-08-14,221.369995,-4.720001,4.660003,1.439988,-12.37999,-10.89
712,2023-08-21,218.699997,-2.669998,-4.720001,4.660003,1.439988,-12.37999
713,2023-08-28,233.479996,14.779999,-2.669998,-4.720001,4.660003,1.439988
714,2023-09-04,222.270004,-11.209992,14.779999,-2.669998,-4.720001,4.660003
715,2023-09-11,225.130005,2.860001,-11.209992,14.779999,-2.669998,-4.720001
716,2023-09-18,223.0,-2.130005,2.860001,-11.209992,14.779999,-2.669998
717,2023-09-25,230.070007,7.070007,-2.130005,2.860001,-11.209992,14.779999
718,2023-10-02,210.880005,-19.190002,7.070007,-2.130005,2.860001,-11.209992
719,2023-10-09,212.399994,1.519989,-19.190002,7.070007,-2.130005,2.860001
720,2023-10-16,204.710007,-7.689987,1.519989,-19.190002,7.070007,-2.130005
721,2023-10-23,186.559998,-18.150009,-7.689987,1.519989,-19.190002,7.070007
722,2023-10-30,191.369995,4.809997,-18.150009,-7.689987,1.519989,-19.190002
